"guideSeq","guideID","geneID","base","low","high"
"CGTCTGGGAATTCCTGGGAA","NEGCTRL_1","NEGCTRL",44,6,0
"ACTCCCTACAACAGCTCCAC","NEGCTRL_2","NEGCTRL",24,0,1
"GTGCCCAGCGCGGCGGCAAG","NEGCTRL_3","NEGCTRL",4,0,0
"AGTTAAATTGGTTTAGGCCC","NEGCTRL_4","NEGCTRL",6,0,0
"GCCCCTCCATGCCATCGCGG","NEGCTRL_5","NEGCTRL",28,0,0
"AACGTACAACAGATATCGCG","PARK2_1","PARK2",25,1,121
"AAAGGCAGAAATCACAACAG","PARK2_2","PARK2",39,1,85
"ATACACCGCACTCAAAGCTC","PARK2_3","PARK2",18,1,58
"AATAAATCGGGTAAGGTGCC","PARK2_4","PARK2",24,2,105
"TTTACTGATATGCATGGTTG","PARK2_5","PARK2",40,3,123
"AAACAGACAGCTACTGGAGA","POSCTRL_1","POSCTRL",46,134,9
"CAACTATTGCTGATCATCCT","POSCTRL_2","POSCTRL",21,92,2
"CATATCCGGCTCAACGGATC","POSCTRL_3","POSCTRL",48,140,9
"TAAGATCTTGGTCTTCGATA","POSCTRL_4","POSCTRL",36,157,2
"CTCGAACTCGCTGTACTGGC","POSCTRL_5","POSCTRL",40,233,0
"TAAGTACCCACGGGGTACTG","RAB_1","RAB",47,137,94
"GAAGCCCGGCAATGCGATTT","RAB_2","RAB",35,51,35
"CTGTAGAAGCTACATCGGCT","RAB_3","RAB",7,31,21
"AGCACATACACGAGCGGAAA","RAB_4","RAB",24,70,12
"TACCCGTTCAAGTCATCCGC","RAB_5","RAB",15,11,30
"ACGAGTCTACCTGCTACATG","TRIM28_1","TRIM28",23,115,0
"AGGATAGTCCGTACAACACC","TRIM28_2","TRIM28",14,81,1
"GTATATTGCTTCCTAAAGAT","TRIM28_3","TRIM28",24,138,2
"GGGCAACAGCACCAGAGGAG","TRIM28_4","TRIM28",14,89,1
"GTCGAACTGAAAGGACCCAC","TRIM28_5","TRIM28",42,237,1
