sample	guide	library	gene	other	count
Base1_trimmed	CATATCCGGCTCAACGGATC	small_sgRNA_library	POSCTRL_3		48
Base1_trimmed	TAAGTACCCACGGGGTACTG	small_sgRNA_library	RAB_1		47
Base1_trimmed	AAACAGACAGCTACTGGAGA	small_sgRNA_library	POSCTRL_1		46
Base1_trimmed	CGTCTGGGAATTCCTGGGAA	small_sgRNA_library	NEGCTRL_1		44
Base1_trimmed	GTCGAACTGAAAGGACCCAC	small_sgRNA_library	TRIM28_5		42
Base1_trimmed	CTCGAACTCGCTGTACTGGC	small_sgRNA_library	POSCTRL_5		40
Base1_trimmed	TTTACTGATATGCATGGTTG	small_sgRNA_library	PARK2_5		40
Base1_trimmed	AAAGGCAGAAATCACAACAG	small_sgRNA_library	PARK2_2		39
Base1_trimmed	TAAGATCTTGGTCTTCGATA	small_sgRNA_library	POSCTRL_4		36
Base1_trimmed	GAAGCCCGGCAATGCGATTT	small_sgRNA_library	RAB_2		35
Base1_trimmed	GCCCCTCCATGCCATCGCGG	small_sgRNA_library	NEGCTRL_5		28
Base1_trimmed	AACGTACAACAGATATCGCG	small_sgRNA_library	PARK2_1		25
Base1_trimmed	ACTCCCTACAACAGCTCCAC	small_sgRNA_library	NEGCTRL_2		24
Base1_trimmed	AATAAATCGGGTAAGGTGCC	small_sgRNA_library	PARK2_4		24
Base1_trimmed	GTATATTGCTTCCTAAAGAT	small_sgRNA_library	TRIM28_3		24
Base1_trimmed	AGCACATACACGAGCGGAAA	small_sgRNA_library	RAB_4		24
Base1_trimmed	ACGAGTCTACCTGCTACATG	small_sgRNA_library	TRIM28_1		23
Base1_trimmed	CAACTATTGCTGATCATCCT	small_sgRNA_library	POSCTRL_2		21
Base1_trimmed	ATACACCGCACTCAAAGCTC	small_sgRNA_library	PARK2_3		18
Base1_trimmed	TACCCGTTCAAGTCATCCGC	small_sgRNA_library	RAB_5		15
Base1_trimmed	AGGATAGTCCGTACAACACC	small_sgRNA_library	TRIM28_2		14
Base1_trimmed	GGGCAACAGCACCAGAGGAG	small_sgRNA_library	TRIM28_4		14
Base1_trimmed	CTGTAGAAGCTACATCGGCT	small_sgRNA_library	RAB_3		7
Base1_trimmed	AGTTAAATTGGTTTAGGCCC	small_sgRNA_library	NEGCTRL_4		6
Base1_trimmed	GTGCCCAGCGCGGCGGCAAG	small_sgRNA_library	NEGCTRL_3		4

