"","sample","guide","library","gene","other","count"
"1","Base1_trimmed","CATATCCGGCTCAACGGATC","small_sgRNA_library","POSCTRL_3",NA,48
"2","Base1_trimmed","TAAGTACCCACGGGGTACTG","small_sgRNA_library","RAB_1",NA,47
"3","Base1_trimmed","AAACAGACAGCTACTGGAGA","small_sgRNA_library","POSCTRL_1",NA,46
"4","Base1_trimmed","CGTCTGGGAATTCCTGGGAA","small_sgRNA_library","NEGCTRL_1",NA,44
"5","Base1_trimmed","GTCGAACTGAAAGGACCCAC","small_sgRNA_library","TRIM28_5",NA,42
"6","Base1_trimmed","CTCGAACTCGCTGTACTGGC","small_sgRNA_library","POSCTRL_5",NA,40
"7","Base1_trimmed","TTTACTGATATGCATGGTTG","small_sgRNA_library","PARK2_5",NA,40
"8","Base1_trimmed","AAAGGCAGAAATCACAACAG","small_sgRNA_library","PARK2_2",NA,39
"9","Base1_trimmed","TAAGATCTTGGTCTTCGATA","small_sgRNA_library","POSCTRL_4",NA,36
"10","Base1_trimmed","GAAGCCCGGCAATGCGATTT","small_sgRNA_library","RAB_2",NA,35
"11","Base1_trimmed","GCCCCTCCATGCCATCGCGG","small_sgRNA_library","NEGCTRL_5",NA,28
"12","Base1_trimmed","AACGTACAACAGATATCGCG","small_sgRNA_library","PARK2_1",NA,25
"13","Base1_trimmed","ACTCCCTACAACAGCTCCAC","small_sgRNA_library","NEGCTRL_2",NA,24
"14","Base1_trimmed","AATAAATCGGGTAAGGTGCC","small_sgRNA_library","PARK2_4",NA,24
"15","Base1_trimmed","GTATATTGCTTCCTAAAGAT","small_sgRNA_library","TRIM28_3",NA,24
"16","Base1_trimmed","AGCACATACACGAGCGGAAA","small_sgRNA_library","RAB_4",NA,24
"17","Base1_trimmed","ACGAGTCTACCTGCTACATG","small_sgRNA_library","TRIM28_1",NA,23
"18","Base1_trimmed","CAACTATTGCTGATCATCCT","small_sgRNA_library","POSCTRL_2",NA,21
"19","Base1_trimmed","ATACACCGCACTCAAAGCTC","small_sgRNA_library","PARK2_3",NA,18
"20","Base1_trimmed","TACCCGTTCAAGTCATCCGC","small_sgRNA_library","RAB_5",NA,15
"21","Base1_trimmed","AGGATAGTCCGTACAACACC","small_sgRNA_library","TRIM28_2",NA,14
"22","Base1_trimmed","GGGCAACAGCACCAGAGGAG","small_sgRNA_library","TRIM28_4",NA,14
"23","Base1_trimmed","CTGTAGAAGCTACATCGGCT","small_sgRNA_library","RAB_3",NA,7
"24","Base1_trimmed","AGTTAAATTGGTTTAGGCCC","small_sgRNA_library","NEGCTRL_4",NA,6
"25","Base1_trimmed","GTGCCCAGCGCGGCGGCAAG","small_sgRNA_library","NEGCTRL_3",NA,4
