"seq.name","seq.text","geneID"
"POSCTRL_1","AAACAGACAGCTACTGGAGA","POSCTRL"
"POSCTRL_2","CAACTATTGCTGATCATCCT","POSCTRL"
"POSCTRL_3","CATATCCGGCTCAACGGATC","POSCTRL"
"POSCTRL_4","TAAGATCTTGGTCTTCGATA","POSCTRL"
"POSCTRL_5","CTCGAACTCGCTGTACTGGC","POSCTRL"
"NEGCTRL_1","CGTCTGGGAATTCCTGGGAA","NEGCTRL"
"NEGCTRL_2","ACTCCCTACAACAGCTCCAC","NEGCTRL"
"NEGCTRL_3","GTGCCCAGCGCGGCGGCAAG","NEGCTRL"
"NEGCTRL_4","AGTTAAATTGGTTTAGGCCC","NEGCTRL"
"NEGCTRL_5","GCCCCTCCATGCCATCGCGG","NEGCTRL"
"PARK2_1","AACGTACAACAGATATCGCG","PARK2"
"PARK2_2","AAAGGCAGAAATCACAACAG","PARK2"
"PARK2_3","ATACACCGCACTCAAAGCTC","PARK2"
"PARK2_4","AATAAATCGGGTAAGGTGCC","PARK2"
"PARK2_5","TTTACTGATATGCATGGTTG","PARK2"
"TRIM28_1","ACGAGTCTACCTGCTACATG","TRIM28"
"TRIM28_2","AGGATAGTCCGTACAACACC","TRIM28"
"TRIM28_3","GTATATTGCTTCCTAAAGAT","TRIM28"
"TRIM28_4","GGGCAACAGCACCAGAGGAG","TRIM28"
"TRIM28_5","GTCGAACTGAAAGGACCCAC","TRIM28"
"RAB_1","TAAGTACCCACGGGGTACTG","RAB"
"RAB_2","GAAGCCCGGCAATGCGATTT","RAB"
"RAB_3","CTGTAGAAGCTACATCGGCT","RAB"
"RAB_4","AGCACATACACGAGCGGAAA","RAB"
"RAB_5","TACCCGTTCAAGTCATCCGC","RAB"
